Name,Symbol,Sector,Industry,Yrs,Seq,DR,SP,Price,Yield,Dividend,Year,Annualized,Sch,Payout,Ex-Div,Pay,Inc.,1-yr,3-yr,5-yr,10-yr,A/D*,DEG,Notes,Payout,P/E,Month,EPS,PEG,P/Sales,P/Book,ROE,Growth,Growth,Growth,Growth,($Mil),Own.,Equity,Factor,Rule,Graham,2019,2020,2021,2022,2023,$,%,Beta,Low,High,MMA,MMA,OTC,Began,Survived,ROA
ABM Industries Inc.,ABM,Industrials,Commercial Services & Supplies,52,20,Y,N,34.19,2.11,0.1800,4,0.72,B05,0.1750,1-2-19,2-4-19,2.86,2.9 ,3.0 ,3.1 ,3.4 ,0.915 ,n/a,,67.29,31.95,10,1.07,2.00,0.35,1.56,6.80,-20.30,14.31,-0.90,16.00,"2,250",0.9,0.65,(26.7),5.2 ,48.8 ,0.71,0.78,0.86,0.94,1.04,4.32,12.6,0.58 ,33.4,-11.8,8.9,9.5,,1968,6,2.6
Archer Daniels Midland,ADM,Consumer Staples,Food Products,43,57,N,Y,44.90,2.98,0.3350,4,1.34,C13,0.3200,2-19-18,3-13-18,4.69,4.7 ,6.2 ,12.0 ,9.9 ,1.210 ,0.671,,37.02,12.40,6,3.62,n/a,0.39,1.34,12.20,10.30,2.70,17.90,-8.80,"25,140",0.2,0.41,2.6 ,15.0 ,(14.1),1.47,1.51,1.53,1.54,1.56,7.62,17.0,0.96 ,14.7,-13.8,2.6,-3.7,,1976,4,5.7
Automatic Data Proc.,ADP,Information Technology,IT Services,44,56,N,Y,139.84,2.26,0.7900,4,3.16,A01,0.6900,12-13-18,1-1-19,14.49,15.8 ,10.4 ,11.7 ,10.0 ,1.162 ,1.203,,80.82,35.76,6,3.91,2.15,4.46,13.06,39.70,-4.90,13.28,9.70,16.66,"60,470",0.2,0.43,(21.8),13.9 ,355.6 ,2.67,2.93,3.23,3.55,3.90,16.28,11.6,0.93 ,30.0,-8.9,2.8,2.0,,1976,4,4.2
AFLAC Inc.,AFL,Financials,Insurance,36,73,N,N,47.70,2.18,0.2600,4,1.04,C01,0.2250,2-20-18,3-1-18,15.56,19.5 ,9.6 ,7.9 ,8.0 ,0.987 ,4.175,,26.53,12.17,12,3.92,1.33,1.64,1.57,20.80,4.20,2.79,1.90,9.14,"36,130",0.1,0.23,(2.1),10.1 ,(7.9),1.08,1.11,1.22,1.33,1.45,6.19,13.0,0.78 ,15.2,-1.0,5.6,5.5,,1983,3,3.5
A.O. Smith Corp.,AOS,Industrials,Building Products,25,128,N,N,47.86,1.84,0.2200,4,0.88,B15,0.1800,10-30-18,11-15-18,22.22,35.7 ,26.0 ,27.0 ,19.9 ,1.354 ,1.357,,36.07,19.61,12,2.44,2.00,2.52,4.65,19.90,17.30,8.82,19.90,9.80,"7,930",0.1,0.11,9.2 ,28.8 ,101.3 ,0.84,0.91,1.00,1.10,1.20,5.05,10.5,1.35 ,18.6,-29.7,6.2,-12.3,,1994,2,11
Air Products & Chem.,APD,Materials,Chemicals,37,72,Y,Y,164.39,2.82,1.1600,4,4.64,B14,1.1000,3-29-19,5-13-19,5.45,14.6 ,9.9 ,8.9 ,9.6 ,0.932 ,0.885,,60.57,21.46,9,7.66,1.96,4.04,3.32,14.40,48.50,13.09,10.10,10.95,"36,050",0.2,0.35,(9.7),11.8 ,78.0 ,4.68,5.14,5.66,6.22,6.84,28.54,17.4,0.87 ,10.8,-4.6,4.0,1.9,,1983,3,8.1
Arrow Financial Corp.,AROW,Financials,Banks,25,124,N,N,31.85,3.27,0.2600,4,1.04,C15,0.2500,8-30-18,9-14-18,4.00,4.3 ,3.2 ,2.4 ,2.9 ,0.826 ,0.571,,43.70,13.38,12,2.38,1.94,4.90,1.74,13.90,5.60,3.19,4.20,6.90,454,3.8,0.08,(7.7),5.7 ,1.7 ,1.08,1.11,1.19,1.27,1.36,6.00,18.9,0.57 ,6.5,-18.3,-3.7,-10.5,,1994,2,1.3
Artesian Resources,ARTNA,Utilities,Water Utilities,26,112,N,N,35.39,2.74,0.2423,4,0.97,B22,0.2387,11-13-18,11-21-18,1.51,3.0 ,3.0 ,3.0 ,3.0 ,0.992 ,0.104,,23.24,8.49,12,4.17,2.12,4.09,2.18,10.10,186.80,n/a,29.10,4.00,333,4.0,0.86,(2.7),5.8 ,(9.3),1.05,1.08,1.13,1.17,1.22,5.64,15.9,0.04 ,10.6,-11.9,0.3,-3.9,,1993,2,3
Atmos Energy,ATO,Utilities,Gas Utilities,35,78,N,N,97.63,2.15,0.5250,4,2.10,C11,0.4850,11-23-18,12-10-18,8.25,7.9 ,7.6 ,6.9 ,4.3 ,1.615 ,0.702,,52.76,24.53,9,3.98,3.80,3.73,2.29,12.80,10.90,6.56,9.80,6.45,"11,630",1.0,0.76,(15.5),9.0 ,58.0 ,2.18,2.32,2.47,2.63,2.80,12.40,12.7,0.21 ,27.7,-3.1,2.7,6.1,,1985,3,5.2
AptarGroup Inc.,ATR,Materials,Containers & Packaging,25,123,-,-,99.12,1.37,0.3400,4,1.36,B23,0.3200,7-31-18,8-22-18,6.25,3.1 ,5.0 ,5.7 ,9.0 ,0.638 ,0.583,,38.53,28.08,12,3.53,3.00,2.30,4.44,14.90,19.60,11.84,9.80,9.37,"6,210",0.3,0.97,(21.0),7.1 ,135.4 ,1.45,1.60,1.75,1.91,2.09,8.80,8.9,0.80 ,24.0,-11.7,1.3,-0.1,,1994,2,6.2
American States Water,AWR,Utilities,Water Utilities,64,1,N,N,67.72,1.62,0.2750,4,1.10,C01,0.2550,8-14-18,8-31-18,7.84,6.6 ,6.6 ,6.9 ,7.8 ,0.882 ,1.186,,65.09,40.07,12,1.69,6.67,5.87,4.49,11.60,15.70,12.35,5.80,6.00,"2,530",0.9,0.71,(31.6),8.5 ,182.8 ,1.17,1.28,1.36,1.44,1.53,6.78,10.0,0.08 ,35.3,-2.7,2.2,11.4,,1955,8,4.4
BancFirst Corp. OK,BANF,Financials,Banks,25,125,-,-,53.68,2.24,0.3000,4,1.20,A13,0.2100,9-27-18,10-15-18,42.86,19.2 ,10.5 ,9.5 ,8.5 ,1.116 ,0.899,,31.91,14.28,12,3.76,2.04,6.02,1.99,12.10,25.50,1.37,10.60,7.00,"1,750",0.1,0.04,(2.5),11.8 ,12.4 ,1.02,1.04,1.11,1.19,1.27,5.63,10.5,0.80 ,11.7,-18.3,1.5,-8.3,,1994,2,1.3
Becton Dickinson & Co.,BDX,Health Care,Health Care Equipment & Supplies,47,41,N,N,249.46,1.23,0.7700,4,3.08,C29,0.7500,12-7-18,12-31-18,2.67,2.7 ,7.1 ,8.3 ,10.2 ,0.808 ,n/a,FY Streak,102.67,83.15,9,3.00,6.63,4.17,3.19,0.80,-34.50,12.70,-8.30,12.56,"66,570",0.2,1.02,(73.7),9.5 ,243.4 ,3.05,3.36,3.69,4.06,4.47,18.62,7.5,1.24 ,19.6,-6.2,6.8,4.1,,1973,5,0.3
Franklin Resources,BEN,Financials,Capital Markets,39,67,N,Y,29.61,3.51,0.2600,4,1.04,A10,0.2300,12-28-18,1-11-19,13.04,15.0 ,15.3 ,18.7 ,13.2 ,1.420 ,n/a,,32.30,9.20,9,3.22,n/a,2.38,1.56,7.20,5.90,2.82,-1.10,-0.63,"15,040",39.9,0.07,13.0 ,22.2 ,(20.2),0.97,1.00,1.01,1.02,1.03,5.04,17.0,1.25 ,8.3,-25.0,-4.9,-7.3,,1981,3,4.5
Brown-Forman Class B,BF-B,Consumer Staples,Beverages,35,79,Y,Y,47.25,1.41,0.1660,4,0.66,A02,0.1580,12-5-18,1-2-19,5.06,8.2 ,7.1 ,8.4 ,8.1 ,1.039 ,1.237,,45.17,32.14,4,1.47,3.56,6.91,15.14,55.70,11.60,8.26,6.80,9.07,"22,710",0.1,1.70,(22.3),9.8 ,365.1 ,0.70,0.75,0.82,0.90,0.98,4.14,8.8,0.70 ,6.0,-20.7,1.3,-6.8,,1985,3,14.8
Black Hills Corp.,BKH,Utilities,Multi-Utilities,48,33,N,N,67.89,2.98,0.5050,4,2.02,C01,0.4750,11-16-18,12-1-18,6.32,6.6 ,6.0 ,4.9 ,3.3 ,1.499 ,0.165,,20.12,6.76,12,10.04,1.51,2.40,2.00,n/a,254.60,0.41,29.70,4.46,"4,110",0.1,1.83,1.1 ,7.9 ,(22.5),2.12,2.13,2.23,2.33,2.43,11.24,16.6,0.39 ,34.5,-0.5,5.2,12.0,,1972,5,n/a
Badger Meter Inc.,BMI,Information Technology,"Electronic Equipment, Instruments & Components",26,110,N,Y,52.79,1.14,0.1500,4,0.60,C15,0.1300,8-30-18,9-14-18,15.38,14.3 ,12.8 ,9.9 ,10.8 ,0.909 ,2.190,,71.43,62.85,12,0.84,4.20,3.58,5.19,8.30,9.30,10.87,4.50,14.90,"1,530",0.9,0.12,(51.9),11.0 ,280.7 ,0.61,0.67,0.74,0.81,0.90,3.74,7.1,0.79 ,28.8,-7.6,1.6,6.7,,1993,2,6
Bemis Company,BMS,Materials,Containers & Packaging,35,77,N,N,48.84,2.54,0.3100,4,1.24,C01,0.3000,2-19-18,3-1-18,3.33,3.3 ,3.5 ,3.6 ,3.5 ,1.026 ,n/a,,269.57,106.17,12,0.46,11.60,1.09,3.74,9.30,-88.30,7.63,-27.10,9.13,"4,440",0.5,1.22,(100.1),6.1 ,320.1 ,1.25,1.35,1.47,1.61,1.75,7.43,15.2,0.85 ,19.5,-7.9,3.7,6.4,,1984,3,3
Brady Corp.,BRC,Industrials,Commercial Services & Supplies,33,82,N,N,44.71,1.90,0.2125,4,0.85,A31,0.2075,10-9-18,10-31-18,2.41,1.4 ,1.3 ,1.7 ,3.0 ,0.579 ,0.077,,38.64,20.32,7,2.20,1.76,2.03,3.02,12.70,16.00,8.46,22.70,11.50,"2,390",1.9,0.00,(16.7),3.6 ,65.2 ,0.92,1.00,1.09,1.20,1.32,5.54,12.4,0.96 ,27.7,-5.6,3.5,10.2,,1986,3,9.1
Brown & Brown Inc.,BRO,Financials,Insurance,25,126,-,-,27.16,1.18,0.0800,4,0.32,B08,0.0750,10-25-18,11-7-18,6.67,9.9 ,10.5 ,10.5 ,7.9 ,1.330 ,0.419,,23.19,19.68,12,1.38,1.26,3.85,2.50,12.70,5.80,10.06,25.10,15.62,"7,610",1.4,0.29,(8.0),11.7 ,47.9 ,0.32,0.35,0.39,0.43,0.47,1.97,7.3,0.73 ,11.6,-13.9,-2.4,-4.7,,1995,2,6.2
Caterpillar Inc.,CAT,Industrials,Machinery,25,122,N,Y,133.16,2.58,0.8600,4,3.44,B19,0.7800,7-19-18,8-20-18,10.26,5.8 ,3.7 ,7.0 ,7.7 ,0.906 ,n/a,,33.59,13.00,12,10.24,0.52,1.48,4.97,25.50,69.20,8.59,-9.30,25.22,"78,840",0.1,2.26,(3.4),9.6 ,69.5 ,3.61,3.92,4.31,4.74,5.21,21.79,16.4,1.50 ,18.8,-19.7,4.2,-4.3,,1994,2,4.9
Chubb Limited,CB,Financials,Insurance,25,120,N,N,133.05,2.19,0.7300,4,2.92,A21,0.7100,6-21-18,7-13-18,2.82,2.9 ,2.9 ,7.6 ,10.2 ,0.741 ,n/a,"Switz.,US$",29.17,13.29,12,10.01,1.14,1.85,1.21,10.10,-18.40,17.99,-1.70,11.67,"61,370",0.5,0.25,(3.5),9.8 ,(15.5),2.91,3.20,3.52,3.87,4.26,17.76,13.3,0.87 ,11.3,-15.5,2.3,0.7,,1994,2,3.1
Commerce Bancshares,CBSH,Financials,Banks,51,27,-,-,59.80,1.74,0.2600,4,1.04,C26,0.2238,3-7-19,3-25-19,16.17,9.7 ,6.5 ,5.9 ,4.9 ,1.217 ,n/a,Adj/Stk Div,32.10,18.46,12,3.24,2.31,8.01,2.49,14.10,13.70,3.97,-34.70,8.00,"6,630",2.5,0.00,(10.8),7.7 ,42.9 ,0.98,1.02,1.11,1.19,1.29,5.60,9.4,0.76 ,14.5,-13.5,0.8,-4.0,,1969,6,1.5
Community Bank System,CBU,Financials,Banks,26,111,N,N,59.95,2.54,0.3800,4,1.52,C01,0.3400,9-13-18,10-10-18,11.76,7.7 ,4.7 ,4.9 ,5.1 ,0.966 ,1.497,,49.67,19.59,12,3.06,2.45,8.58,1.84,11.90,-2.40,3.50,3.30,8.00,"3,070",0.8,0.06,(12.1),7.5 ,26.6 ,1.41,1.46,1.58,1.71,1.84,8.01,13.4,0.97 ,18.2,-10.6,-1.9,-2.1,,1993,2,1.8
Cullen/Frost Bankers,CFR,Financials,Banks,25,119,-,-,97.28,2.75,0.6700,4,2.68,C15,0.5700,5-30-18,6-15-18,17.54,14.7 ,7.1 ,5.4 ,4.5 ,1.206 ,0.715,,40.42,14.67,12,6.63,1.46,6.14,1.96,13.50,18.20,4.22,7.60,10.02,"6,170",1.2,0.07,(6.5),8.2 ,13.1 ,2.84,2.96,3.25,3.58,3.94,16.56,17.0,1.38 ,18.8,-20.0,2.6,-8.3,,1994,2,1.4
Cincinnati Financial,CINF,Financials,Insurance,58,10,N,N,81.12,2.61,0.5300,4,2.12,A16,0.5000,3-20-18,4-16-18,6.00,5.6 ,4.7 ,4.9 ,3.2 ,1.542 ,0.949,,39.33,15.05,12,5.39,2.34,2.16,1.58,17.00,-6.70,3.14,5.20,6.44,"13,160",0.3,0.10,(7.5),7.6 ,2.8 ,2.11,2.18,2.32,2.47,2.63,11.70,14.4,0.64 ,22.3,-2.1,3.5,8.4,,1961,6,6.3
Colgate-Palmolive Co.,CL,Consumer Staples,Household Products,55,16,Y,Y,64.68,2.60,0.4200,4,1.68,B15,0.4000,4-19-18,5-15-18,5.00,4.4 ,3.4 ,4.5 ,7.8 ,0.578 ,45.325,,61.54,23.69,12,2.73,5.43,3.61,n/a,-697.60,-4.70,5.99,0.10,4.37,"56,420",0.3,n/a,(16.6),7.1 ,n/a,1.68,1.78,1.85,1.94,2.02,9.26,14.3,0.74 ,12.7,-13.5,4.2,0.7,,1964,6,17.2
Clorox Company,CLX,Consumer Staples,Household Products,41,64,N,Y,148.38,2.59,0.9600,4,3.84,B11,0.8400,4-24-18,5-11-18,14.29,13.4 ,7.2 ,6.6 ,8.0 ,0.825 ,1.204,,66.21,25.58,6,5.80,4.69,3.09,28.00,112.10,5.50,6.54,5.50,5.46,"19,130",0.2,3.79,(16.4),9.2 ,464.2 ,3.92,4.18,4.41,4.65,4.90,22.07,14.9,0.31 ,30.7,-11.5,-5.2,4.5,,1978,4,16.6
Chesapeake Financial Shares,CPKF,Financials,Banks,28,100,-,-,26.90,2.16,0.1450,4,0.58,C15,0.1400,2-28-19,3-15-19,3.57,7.8 ,5.8 ,5.3 ,6.9 ,0.763 ,n/a,,n/a,n/a,12,n/a,n/a,n/a,n/a,n/a,n/a,n/a,n/a,n/a,n/a,n/a,n/a,n/a,7.4 ,n/a,0.57,0.58,0.60,0.62,0.64,3.01,11.2,n/a,n/a,n/a,n/a,n/a,OTC,1992,2,n/a
Carlisle Companies,CSL,Industrials,Industrial Conglomerates,42,63,N,N,107.73,1.49,0.4000,4,1.60,C01,0.3700,8-17-18,9-4-18,8.11,6.9 ,11.9 ,12.9 ,9.9 ,1.304 ,1.239,,30.36,20.44,12,5.27,1.36,1.43,2.38,23.80,24.70,26.23,10.40,15.00,"6,380",0.9,0.59,(6.1),14.4 ,47.0 ,1.69,1.86,2.05,2.25,2.48,10.34,9.6,1.00 ,16.9,-16.8,5.2,-2.3,,1977,4,11.7
Computer Services Inc.,CSVI,Information Technology,IT Services,47,39,-,-,56.00,2.57,0.3600,4,1.44,C25,0.3100,8-31-18,9-25-18,16.13,13.6 ,12.5 ,17.4 ,15.0 ,1.159 ,n/a,,41.86,16.28,2,3.44,n/a,3.08,3.82,25.04,n/a,n/a,n/a,n/a,799.02,11.8,n/a,3.7 ,20.0 ,66.2 ,1.38,1.42,1.46,1.51,1.55,7.33,13.1,0.10 ,28.4,-3.4,7.9,10.5,OTC,1972,5,18.25
Cintas Corp.,CTAS,Industrials,Commercial Services & Supplies,36,76,-,-,187.51,1.09,2.0500,1,2.05,Dec,1.6200,11-8-18,12-7-18,26.54,26.5 ,25.0 ,21.6 ,16.1 ,1.342 ,1.258,,29.37,26.86,5,6.98,1.68,2.90,6.60,30.30,33.50,12.71,17.20,16.00,"19,340",1.6,0.90,(4.1),22.7 ,180.7 ,2.26,2.48,2.73,3.00,3.30,13.77,7.3,1.04 ,27.2,-13.7,6.6,-0.5,,1984,3,13
Community Trust Banc.,CTBI,Financials,Banks,38,68,N,-,40.61,3.55,0.3600,4,1.44,A01,0.3300,9-13-18,10-1-18,9.09,4.7 ,3.7 ,3.3 ,2.5 ,1.303 ,3.259,,42.99,12.12,12,3.35,2.43,4.19,1.31,10.40,2.30,1.81,1.00,5.00,718.8,1.2,0.11,(5.3),6.8 ,(16.0),1.38,1.41,1.48,1.55,1.63,7.44,18.3,0.61 ,13.8,-23.4,-3.2,-13.6,,1981,3,1.3
Connecticut Water Service,CTWS,Utilities,Water Utilities,49,29,N,N,67.84,1.84,0.3125,4,1.25,C15,0.2975,5-31-18,6-15-18,5.04,5.1 ,5.6 ,4.7 ,3.4 ,1.373 ,0.584,Being Acquired,30.79,16.71,12,4.06,2.78,7.07,2.72,6.50,8.60,28.52,8.10,6.00,819.51,0.2,1.05,(10.1),6.6 ,42.1 ,1.34,1.48,1.56,1.66,1.76,7.80,11.5,(0.05),38.9,-3.5,0.6,0.9,,1970,6,2.1
Chevron Corp.,CVX,Energy,"Oil, Gas & Consumable Fuels",32,91,Y,Y,114.65,4.15,1.1900,4,4.76,C12,1.1200,2-14-19,3-11-19,6.25,3.7 ,1.5 ,2.8 ,5.9 ,0.478 ,n/a,,74.84,18.03,12,6.36,0.31,1.41,1.42,9.40,114.60,-9.62,-22.30,57.78,"219,630",0.1,0.24,(11.1),7.0 ,6.7 ,4.93,4.98,5.48,6.02,6.62,28.03,24.4,1.03 ,14.4,-12.5,1.5,-4.3,,1988,3,5.5
California Water Service,CWT,Utilities,Water Utilities,52,21,N,N,49.52,1.60,0.1975,4,0.79,B23,0.1875,2-8-19,2-22-19,5.33,4.4 ,3.9 ,3.3 ,2.5 ,1.289 ,0.128,,22.77,14.27,12,3.47,1.46,3.56,3.34,8.40,259.50,16.42,25.60,9.80,"2,440",0.5,1.26,(9.4),4.9 ,45.5 ,0.83,0.91,1.00,1.10,1.20,5.04,10.2,0.35 ,40.5,0.9,6.9,17.4,,1968,6,2.1
Donaldson Company,DCI,Industrials,Machinery,32,86,N,N,47.28,1.61,0.1900,4,0.76,B31,0.1800,6-8-18,6-28-18,5.56,5.6 ,3.8 ,8.4 ,12.9 ,0.654 ,n/a,,47.80,29.74,7,1.59,2.97,2.18,7.16,23.00,-14.30,9.19,-2.00,10.00,"6,090",0.3,0.83,(19.7),10.1 ,207.6 ,0.76,0.83,0.91,1.00,1.10,4.60,9.7,1.44 ,17.4,-20.4,-1.3,-4.0,,1987,3,9.3
Dover Corp.,DOV,Industrials,Machinery,63,2,Y,N,87.83,2.19,0.4800,4,1.92,C15,0.4700,8-31-18,9-17-18,2.13,4.4 ,5.0 ,9.4 ,9.7 ,0.970 ,1.472,,43.84,20.05,12,4.38,1.47,1.78,4.71,20.10,48.40,15.91,6.40,13.66,"12,800",0.5,1.19,(8.4),11.6 ,104.9 ,2.09,2.30,2.53,2.78,3.06,12.76,14.5,1.39 ,33.4,-2.7,12.0,9.6,,1956,8,7.6
Enterprise Bancorp Inc.,EBTC,Financials,Banks,25,132,N,-,32.35,1.98,0.1600,4,0.64,C01,0.1450,2-8-19,3-4-19,10.34,7.4 ,5.1 ,4.7 ,4.9 ,0.971 ,0.470,,25.10,12.69,12,2.55,n/a,3.12,1.56,9.60,22.20,n/a,10.10,n/a,371,10.3,0.06,(6.0),6.7 ,(6.2),0.64,0.66,0.68,0.70,0.72,3.39,10.5,0.68 ,20.0,-26.7,1.7,-8.1,,1995,2,0.8
Ecolab Inc.,ECL,Materials,Chemicals,27,104,N,N,158.17,1.16,0.4600,4,1.84,A16,0.4100,12-17-18,1-15-19,12.20,10.8 ,7.5 ,12.3 ,12.2 ,1.007 ,0.857,,36.65,31.51,12,5.02,2.35,3.14,5.76,20.70,10.60,12.31,14.30,13.37,"45,680",0.4,0.90,(18.1),13.4 ,184.0 ,1.80,1.98,2.18,2.40,2.64,11.01,7.0,0.88 ,25.8,-2.9,4.2,6.1,,1993,2,8
Consolidated Edison,ED,Utilities,Multi-Utilities,45,52,N,Y,77.65,3.81,0.7400,4,2.96,C15,0.7150,2-12-19,3-15-19,3.50,3.6 ,3.2 ,3.1 ,2.0 ,1.509 ,0.073,,13.45,3.53,12,22.01,1.23,2.00,1.52,9.90,436.90,0.23,41.80,2.87,"24,730",0.2,1.13,3.3 ,6.9 ,(51.2),3.15,3.15,3.24,3.34,3.43,16.31,21.0,0.10 ,9.2,-7.9,-0.6,0.0,,1975,4,3.2
Eagle Financial Services,EFSI,Financials,Banks,32,87,-,-,31.50,3.05,0.2400,4,0.96,B16,0.2300,7-27-18,8-13-18,4.35,6.8 ,5.5 ,4.3 ,3.4 ,1.261 ,n/a,,n/a,n/a,12,n/a,n/a,n/a,n/a,n/a,n/a,n/a,n/a,n/a,n/a,n/a,n/a,n/a,7.4 ,n/a,0.97,1.00,1.03,1.06,1.09,5.14,16.3,n/a,n/a,n/a,n/a,n/a,OTC,1987,3,n/a
Emerson Electric,EMR,Industrials,Electrical Equipment,62,7,N,N,65.47,2.99,0.4900,4,1.96,C11,0.4850,11-15-18,12-10-18,1.03,1.0 ,1.0 ,3.2 ,4.7 ,0.687 ,1.192,,61.83,20.65,9,3.17,2.30,2.36,4.59,25.80,24.10,12.21,2.70,8.96,"41,100",0.5,0.53,(14.4),6.2 ,105.3 ,2.14,2.35,2.56,2.79,3.04,12.90,19.7,1.18 ,18.2,-17.9,4.6,-6.2,,1958,8,10.9
Erie Indemnity Company,ERIE,Financials,Insurance,29,95,-,-,146.38,2.46,0.9000,4,3.60,A23,0.8400,1-7-19,1-23-19,7.14,7.3 ,7.2 ,7.2 ,6.7 ,1.082 ,2.066,,81.45,33.12,12,4.42,3.31,3.44,8.31,29.50,-11.70,0.93,3.50,10.00,"7,600",0.8,0.11,(23.4),9.7 ,249.7 ,3.39,3.43,3.77,4.14,4.56,19.29,13.2,0.39 ,37.3,-2.4,8.7,17.0,,1991,2,15.5
Eaton Vance Corp.,EV,Financials,Capital Markets,38,69,-,-,38.52,3.63,0.3500,4,1.40,B15,0.3100,10-30-18,11-15-18,12.90,11.3 ,8.0 ,9.3 ,7.8 ,1.197 ,0.558,,42.30,11.64,10,3.31,1.76,2.62,3.95,34.70,36.30,5.39,16.70,6.63,"4,460",3.3,1.35,1.3 ,12.9 ,42.9 ,1.41,1.48,1.58,1.69,1.80,7.96,20.7,1.60 ,19.3,-34.7,2.1,-20.8,,1982,3,13.2
Franklin Electric Co.,FELE,Industrials,Machinery,27,106,-,-,47.78,1.21,0.1450,4,0.58,B17,0.1200,1-31-19,2-15-19,20.83,10.7 ,6.9 ,8.9 ,6.6 ,1.358 ,5.573,,27.10,22.33,12,2.14,1.66,1.75,3.04,12.40,8.40,7.91,1.60,13.40,"2,220",1.1,0.30,(12.2),10.1 ,73.7 ,0.51,0.55,0.60,0.66,0.73,3.04,6.4,1.36 ,24.3,-7.1,9.4,5.0,,1993,2,7.4
Farmers & Merchants Bancorp,FMCB,Financials,Banks,56,15,-,-,730.00,1.92,7.0000,2,14.00,JaJl,6.9000,11-30-18,1-2-19,1.45,2.6 ,2.8 ,2.3 ,3.1 ,0.735 ,n/a,,n/a,n/a,12,n/a,n/a,n/a,n/a,n/a,n/a,n/a,n/a,n/a,n/a,n/a,n/a,n/a,4.2 ,n/a,14.32,14.75,15.19,15.64,16.11,76.01,10.4,n/a,n/a,n/a,n/a,n/a,OTC,1964,6,n/a
Federal Realty Inv. Trust,FRT,Real Estate,Equity Real Estate Investment Trusts (REITs),51,25,N,N,132.57,3.08,1.0200,4,4.08,A16,1.0000,9-20-18,10-15-18,2.00,2.0 ,4.2 ,6.2 ,4.9 ,1.261 ,1.007,,141.18,45.87,12,2.89,6.86,10.76,4.52,10.80,-5.60,2.10,6.20,6.70,"9,730",0.6,1.51,(36.6),9.3 ,203.6 ,4.06,4.15,4.42,4.72,5.04,22.38,16.9,0.48 ,24.6,-2.3,5.0,7.0,,1968,6,3.6
H.B. Fuller Company,FUL,Materials,Chemicals,49,28,Y,Y,49.39,1.26,0.1550,4,0.62,B10,0.1500,4-25-18,5-10-18,3.33,4.2 ,6.4 ,9.8 ,8.9 ,1.105 ,n/a,,25.10,20.00,11,2.47,1.17,0.82,2.22,n/a,-53.40,23.05,-3.40,17.18,"2,500",0.4,2.10,(8.9),11.1 ,40.5 ,0.62,0.68,0.75,0.83,0.91,3.79,7.7,1.36 ,24.7,-17.1,11.9,-2.6,,1970,6,n/a
General Dynamics,GD,Industrials,Aerospace & Defense,27,102,-,-,171.17,2.17,0.9300,4,3.72,B11,0.8400,4-12-18,5-11-18,10.71,10.7 ,10.5 ,10.6 ,10.5 ,1.015 ,0.171,,34.77,16.00,12,10.70,1.43,1.48,3.96,25.60,15.30,7.61,62.20,11.15,"50,570",0.4,1.03,(3.2),12.8 ,67.8 ,3.99,4.30,4.73,5.20,5.72,23.93,14.0,1.18 ,19.0,-25.6,2.1,-9.5,,1992,2,7.4
Genuine Parts Co.,GPC,Consumer Discretionary,Distributors,62,4,N,N,99.82,2.89,0.7200,4,2.88,A02,0.6750,3-8-18,4-2-18,6.67,5.7 ,5.4 ,5.7 ,6.3 ,0.899 ,3.160,,54.14,18.76,12,5.32,1.49,0.79,4.06,20.80,-1.50,5.50,1.80,12.60,"14,460",0.5,0.81,(10.2),8.6 ,84.0 ,2.86,3.02,3.32,3.66,4.02,16.88,16.9,1.05 ,16.3,-5.7,1.9,3.5,,1957,8,5.8
Gorman-Rupp Company,GRC,Industrials,Machinery,46,46,N,N,34.55,1.56,0.1350,4,0.54,C08,0.1250,11-14-18,12-10-18,8.00,8.5 ,8.0 ,9.1 ,7.1 ,1.275 ,n/a,,36.24,23.19,12,1.49,1.55,2.20,2.60,11.40,8.10,4.29,-0.80,15.00,895.54,17.7,0.00,(12.5),10.7 ,63.7 ,0.55,0.57,0.63,0.70,0.77,3.22,9.3,0.93 ,38.0,-4.3,5.1,5.0,,1974,4,9.4
W.W. Grainger Inc.,GWW,Industrials,Trading Companies & Distributors,47,34,-,-,295.39,1.84,1.3600,4,5.44,C01,1.2800,5-11-18,6-1-18,6.25,5.9 ,5.3 ,8.3 ,13.2 ,0.632 ,9.274,,39.68,21.55,12,13.71,1.62,1.45,8.59,46.30,1.00,10.76,0.90,13.30,"16,320",1.7,1.15,(11.4),10.2 ,186.8 ,5.41,5.95,6.55,7.21,7.93,33.05,11.2,1.04 ,19.5,-20.6,1.6,-5.4,,1972,5,14.3
Helmerich & Payne Inc.,HP,Energy,Energy Equipment & Services,46,44,-,-,55.99,5.07,0.7100,4,2.84,C01,0.7000,8-16-18,8-31-18,1.43,0.7 ,0.8 ,16.8 ,31.0 ,0.541 ,n/a,,n/a,n/a,9,-0.12,n/a,2.42,1.39,10.70,89.70,63.64,-15.10,n/a,"6,030",1.2,0.11,n/a,21.8 ,n/a,3.10,3.41,3.51,3.62,3.73,17.38,31.0,1.51 ,25.7,-24.7,1.8,-11.2,,1973,5,7.6
Hormel Foods Corp.,HRL,Consumer Staples,Food Products,53,18,N,N,42.32,1.98,0.2100,4,0.84,B15,0.1875,1-11-19,2-15-19,12.00,10.3 ,14.5 ,17.1 ,15.0 ,1.141 ,1.417,,48.55,24.46,10,1.73,2.33,2.38,4.03,18.90,10.00,6.96,12.10,10.50,"22,690",0.2,0.00,(5.3),19.1 ,109.3 ,0.83,0.88,0.97,1.07,1.17,4.92,11.6,0.19 ,33.5,-8.5,-2.8,6.8,,1967,6,12.8
Illinois Tool Works,ITW,Industrials,Machinery,44,55,N,N,137.31,2.91,1.0000,4,4.00,A10,0.7800,9-27-18,10-9-18,28.21,22.3 ,18.5 ,16.4 ,11.3 ,1.462 ,2.193,,53.55,18.38,12,7.47,1.59,3.09,12.92,46.80,18.70,6.08,7.50,11.57,"45,770",0.1,2.09,1.0 ,19.4 ,224.9 ,3.67,3.90,4.29,4.72,5.19,21.76,15.8,1.20 ,16.6,-22.2,4.8,-0.9,,1975,4,11.8
Jack Henry & Associates,JKHY,Information Technology,IT Services,28,96,N,-,133.55,1.11,0.3700,4,1.48,C16,0.3100,2-28-18,3-16-18,19.35,19.4 ,14.0 ,15.2 ,17.3 ,0.877 ,1.320,FY Streak,41.23,37.20,6,3.59,3.38,6.57,7.53,31.20,6.00,12.06,11.50,11.00,"10,310",0.7,0.00,(20.9),16.3 ,252.8 ,1.57,1.73,1.90,2.09,2.30,9.58,7.2,0.89 ,18.4,-18.4,1.9,-2.9,,1991,2,20.1
Johnson & Johnson,JNJ,Health Care,Pharmaceuticals,56,12,N,N,133.08,2.71,0.9000,4,3.60,C12,0.8400,5-28-18,6-12-18,7.14,6.6 ,6.3 ,6.4 ,7.0 ,0.918 ,1.040,,64.17,23.72,12,5.61,3.49,4.38,5.52,2.20,-12.20,5.83,6.20,6.80,"357,080",0.1,0.48,(14.6),9.2 ,141.2 ,3.58,3.78,4.04,4.32,4.61,20.33,15.3,0.66 ,12.2,-10.7,-1.4,0.7,,1963,6,0.9
John Wiley & Sons Inc.,JW-A,Communication Services,Media,25,121,-,-,51.78,2.55,0.3300,4,1.32,A19,0.3200,7-2-18,7-18-18,3.13,3.2 ,3.3 ,5.8 ,10.5 ,0.555 ,0.855,Also Class B,39.64,15.55,4,3.33,1.04,1.63,2.54,16.40,70.00,6.75,6.80,15.00,"2,920",0.2,0.46,(7.2),8.4 ,32.5 ,1.43,1.53,1.68,1.85,2.03,8.51,16.4,1.08 ,15.9,-27.8,1.7,-13.1,,1994,2,6.9
Kimberly-Clark Corp.,KMB,Consumer Staples,Household Products,47,42,Y,N,111.38,3.70,1.0300,4,4.12,A03,1.0000,3-7-19,4-2-19,3.00,3.7 ,4.5 ,5.5 ,6.2 ,0.886 ,0.572,,94.28,25.49,12,4.37,8.81,2.15,n/a,916.40,3.30,4.88,9.60,2.89,"39,750",0.4,n/a,(16.3),9.2 ,n/a,4.10,4.30,4.43,4.55,4.68,22.07,19.8,0.64 ,14.7,-7.6,-1.6,1.8,,1973,5,11.6
Coca-Cola Company,KO,Consumer Staples,Beverages,56,11,Y,Y,48.13,3.24,0.3900,4,1.56,A02,0.3700,3-14-18,4-2-18,5.41,5.4 ,5.7 ,6.9 ,7.5 ,0.919 ,n/a,,99.36,30.66,12,1.57,4.64,6.38,11.22,15.10,-26.40,6.52,-11.00,6.63,"206,250",0.1,2.45,(20.6),10.1 ,291.0 ,1.58,1.68,1.79,1.91,2.03,8.99,18.7,0.55 ,16.1,-5.3,-0.2,5.0,,1963,6,3.1
Lancaster Colony Corp.,LANC,Consumer Staples,Food Products,56,14,N,N,159.07,1.63,0.6500,4,2.60,C29,0.6000,12-6-18,12-28-18,8.33,8.9 ,9.2 ,8.6 ,8.1 ,1.066 ,2.270,,52.85,32.33,6,4.92,10.78,3.64,6.47,n/a,8.90,7.11,3.80,3.00,"4,520",2.1,0.00,(22.1),10.3 ,204.9 ,2.67,2.86,2.94,3.03,3.12,14.62,9.2,0.44 ,37.4,-18.2,-9.9,4.4,,1964,6,n/a
Leggett & Platt Inc.,LEG,Consumer Discretionary,Household Durables,47,36,-,-,40.96,3.71,0.3800,4,1.52,A14,0.3600,6-14-18,7-13-18,5.56,5.7 ,5.8 ,4.8 ,4.0 ,1.204 ,0.491,,60.80,16.38,12,2.50,2.64,1.26,4.70,24.70,-4.40,8.54,9.80,6.20,"5,290",0.9,1.16,(7.9),8.5 ,85.0 ,1.49,1.62,1.72,1.83,1.94,8.61,21.0,1.08 ,22.3,-13.7,8.6,-1.4,,1972,5,8
Linde Plc,LIN,Industrials,Chemicals,25,117,N,N,163.01,2.02,0.8250,4,3.30,C15,0.7875,3-6-18,3-15-18,4.76,4.8 ,4.9 ,6.6 ,8.2 ,0.802 ,21.921,,52.46,25.92,12,6.29,2.36,7.39,7.54,23.30,8.90,13.80,0.30,11.00,"89,000",0.1,1.33,(17.3),8.6 ,194.7 ,3.59,3.95,4.35,4.78,5.26,21.94,13.5,n/a,11.7,-2.3,3.5,3.0,,1994,2,7.1
Lowe's Companies,LOW,Consumer Discretionary,Specialty Retail,56,13,N,Y,96.16,2.00,0.4800,4,1.92,B09,0.4100,7-24-18,8-8-18,17.07,17.1 ,20.4 ,21.2 ,18.4 ,1.156 ,1.088,,42.48,21.27,1,4.52,1.39,1.09,14.37,64.60,18.40,17.99,19.50,15.30,"77,500",0.2,2.89,1.9 ,23.2 ,268.6 ,1.96,2.15,2.37,2.61,2.87,11.95,12.4,1.27 ,18.5,-18.3,4.2,-1.1,,1963,6,10
McDonald's Corp.,MCD,Consumer Discretionary,"Hotels, Restaurants & Leisure",43,61,N,Y,178.78,2.60,1.1600,4,4.64,C15,1.0100,11-30-18,12-17-18,14.85,9.4 ,6.8 ,6.1 ,9.9 ,0.611 ,0.980,,61.62,23.74,12,7.53,2.55,6.62,n/a,-101.00,32.80,6.13,6.20,9.30,"140,350",0.1,n/a,(15.1),8.7 ,n/a,4.61,4.89,5.35,5.84,6.39,27.08,15.1,0.57 ,21.8,-6.3,-1.7,6.2,,1976,4,15.5
Mercury General Corp.,MCY,Financials,Insurance,32,89,-,-,51.70,4.85,0.6275,4,2.51,C28,0.6250,12-12-18,12-27-18,0.40,0.4 ,0.4 ,0.4 ,0.8 ,0.532 ,0.162,,164.05,33.79,12,1.53,0.89,0.86,1.65,5.60,82.60,64.12,2.50,37.90,"2,940",0.1,0.21,(28.5),5.3 ,57.4 ,2.75,3.03,3.33,3.66,4.03,16.81,32.5,0.30 ,24.9,-16.4,-3.7,1.8,,1988,3,1.8
Meredith Corp.,MDP,Communication Services,Media,25,116,-,-,54.27,4.02,0.5450,4,2.18,C15,0.5200,2-27-18,3-15-18,4.81,4.8 ,6.0 ,6.0 ,9.7 ,0.614 ,n/a,,n/a,n/a,6,-1.97,n/a,0.96,2.27,2.80,-127.90,124.16,-19.40,27.20,"2,510",0.4,3.21,n/a,10.0 ,n/a,2.20,2.42,2.66,2.93,3.22,13.44,24.8,1.17 ,14.7,-21.7,-0.1,2.9,,1994,2,0.5
Medtronic plc,MDT,Health Care,Health Care Equipment & Supplies,41,65,Y,Y,88.39,2.26,0.5000,4,2.00,A26,0.4600,7-5-18,7-25-18,8.70,7.9 ,11.9 ,12.2 ,11.9 ,1.027 ,3.209,"ADR-Ireland,US$",57.97,25.62,4,3.45,3.11,3.92,2.40,n/a,40.40,7.06,3.80,8.24,"119,000",0.1,0.50,(11.2),14.5 ,65.3 ,2.11,2.26,2.45,2.65,2.87,12.34,14.0,0.88 ,15.7,-11.7,-2.0,-1.8,,1978,4,n/a
MDU Resources,MDU,Utilities,Multi-Utilities,28,98,N,N,25.71,3.15,0.2025,4,0.81,A01,0.1975,12-12-18,1-1-19,2.53,2.6 ,2.7 ,2.7 ,3.0 ,0.926 ,0.035,,59.12,18.77,12,1.37,2.67,1.13,2.00,12.60,5.30,10.06,77.70,7.00,"5,070",0.4,0.76,(12.9),5.9 ,29.2 ,0.83,0.92,0.98,1.05,1.12,4.89,19.0,0.72 ,13.1,-13.2,2.4,-4.7,,1992,2,4.8
MGE Energy Inc.,MGEE,Utilities,Electric Utilities,43,60,N,N,64.31,2.10,0.3375,4,1.35,C15,0.3225,8-30-18,9-15-18,4.65,4.8 ,4.6 ,4.3 ,3.3 ,1.305 ,1.298,,56.96,27.14,12,2.37,6.77,4.10,2.75,13.10,0.50,n/a,3.30,4.00,"2,290",0.2,0.61,(20.8),6.4 ,82.1 ,1.33,1.37,1.42,1.48,1.54,7.13,11.1,0.39 ,26.0,-6.7,2.1,3.1,,1976,4,5.5
McGrath Rentcorp,MGRC,Industrials,Commercial Services & Supplies,26,107,-,-,50.40,2.70,0.3400,4,1.36,A30,0.2600,4-13-18,4-30-18,30.77,23.7 ,8.8 ,6.0 ,5.1 ,1.188 ,1.724,,47.39,17.56,12,2.87,1.76,2.50,2.20,32.20,32.80,7.61,3.50,10.00,"1,220",0.1,0.56,(8.8),8.7 ,31.0 ,1.41,1.52,1.67,1.83,2.02,8.44,16.7,0.56 ,12.6,-26.7,-1.7,-11.0,,1993,2,14.8
McCormick & Co.,MKC,Consumer Staples,Food Products,33,84,N,N,123.64,1.84,0.5700,4,2.28,A16,0.5200,12-28-18,1-14-19,9.62,10.6 ,9.1 ,8.9 ,9.0 ,0.987 ,0.861,Also MKCV,51.70,28.04,11,4.41,3.04,3.09,5.14,30.20,27.60,8.43,10.30,9.23,"16,660",0.1,1.48,(17.3),10.7 ,153.1 ,2.29,2.48,2.71,2.96,3.23,13.67,11.1,0.29 ,24.3,-20.7,-12.8,-1.8,,1987,3,9
3M Company,MMM,Industrials,Industrial Conglomerates,60,8,N,N,200.30,2.72,1.3600,4,5.44,C12,1.1750,2-15-18,3-12-18,15.74,15.7 ,9.9 ,16.5 ,10.5 ,1.563 ,2.137,,59.91,22.06,12,9.08,2.45,3.57,11.45,41.90,12.40,7.95,7.70,9.01,"117,300",7.7,1.45,(2.9),19.2 ,235.0 ,5.98,6.46,7.04,7.68,8.37,35.53,17.7,1.04 ,13.3,-20.9,2.5,-0.5,,1959,7,12
Altria Group Inc.,MO,Consumer Staples,Tobacco,49,30,Y,Y,49.35,6.48,0.8000,4,3.20,A10,0.7000,9-13-18,10-10-18,14.29,14.9 ,10.4 ,9.7 ,9.5 ,1.026 ,0.836,,81.63,12.59,12,3.92,1.50,3.67,6.00,68.70,-51.10,6.11,11.60,8.40,"92,930",0.1,0.90,3.6 ,16.2 ,83.2 ,2.89,3.07,3.32,3.60,3.90,16.78,34.0,0.34 ,16.4,-30.2,-2.8,-13.4,,1970,6,24.5
MSA Safety Inc.,MSA,Industrials,Commercial Services & Supplies,47,35,-,-,100.18,1.52,0.3800,4,1.52,C10,0.3500,5-18-18,6-10-18,8.57,8.0 ,5.5 ,4.8 ,4.7 ,1.013 ,n/a,,70.70,46.60,12,2.15,2.59,2.84,5.91,10.60,-51.20,8.49,-12.60,18.00,"3,820",1.5,0.60,(40.3),6.3 ,249.8 ,1.50,1.63,1.80,1.98,2.17,9.08,9.1,1.32 ,40.2,-9.6,0.2,1.7,,1972,5,4
Middlesex Water Co.,MSEX,Utilities,Water Utilities,46,45,N,N,56.20,1.71,0.2400,4,0.96,C01,0.2238,11-14-18,12-3-18,7.26,6.3 ,5.5 ,3.9 ,2.6 ,1.481 ,0.449,,52.75,30.88,12,1.82,11.42,6.98,3.76,13.00,-2.70,4.59,8.70,2.70,952.03,1.2,0.80,(25.3),5.6 ,127.2 ,0.92,0.96,0.99,1.02,1.04,4.93,8.8,0.45 ,65.3,-6.8,5.7,20.3,,1974,4,4.3
NACCO Industries,NC,Energy,"Oil, Gas & Consumable Fuels",33,81,-,-,34.08,1.94,0.1650,4,0.66,C15,0.0859,11-30-17,12-15-17,92.01,56.7 ,26.1 ,15.9 ,12.4 ,1.286 ,n/a,2018 = Year 33,15.10,7.80,12,4.37,n/a,1.91,0.98,14.80,754.60,n/a,-6.00,n/a,234,3.0,0.07,10.1 ,17.9 ,(41.7),0.73,0.75,0.77,0.79,0.82,3.85,11.3,0.62 ,18.5,-22.7,-1.0,-1.0,,1987,3,9.1
Nordson Corp.,NDSN,Industrials,Machinery,55,17,N,N,129.64,1.08,0.3500,4,1.40,C05,0.3000,8-20-18,9-4-18,16.67,9.6 ,11.6 ,14.7 ,13.1 ,1.121 ,1.214,,23.18,21.46,10,6.04,1.73,3.28,5.19,27.30,18.80,9.81,12.10,12.40,"7,390",1.2,0.92,(5.7),15.8 ,122.5 ,1.38,1.51,1.66,1.83,2.01,8.38,6.5,1.12 ,17.7,-11.7,7.7,0.3,,1964,6,10.7
National Fuel Gas,NFG,Utilities,Gas Utilities,48,32,N,N,57.30,2.97,0.4250,4,1.70,A14,0.4150,6-28-18,7-13-18,2.41,2.4 ,2.5 ,2.6 ,2.8 ,0.905 ,1.605,,51.05,17.21,9,3.33,2.02,3.09,2.54,20.50,1.10,1.82,1.60,8.50,"4,920",1.6,1.10,(11.7),5.5 ,39.4 ,1.70,1.73,1.88,2.04,2.21,9.55,16.7,0.86 ,18.6,-3.1,5.8,5.8,,1971,5,6.6
National Retail Properties,NNN,Real Estate,Equity Real Estate Investment Trusts (REITs),29,94,N,N,52.71,3.79,0.5000,4,2.00,B15,0.4750,7-30-18,8-15-18,5.26,4.8 ,4.5 ,4.0 ,2.8 ,1.443 ,1.187,,140.85,37.12,12,1.42,3.72,13.33,2.40,9.80,0.70,-9.35,3.40,10.00,"8,180",0.7,0.91,(29.3),7.8 ,99.0 ,1.96,1.98,2.18,2.40,2.64,11.17,21.2,0.23 ,45.4,0.8,6.7,16.9,,1990,3,4.7
Nucor Corp.,NUE,Materials,Metals & Mining,46,48,N,N,61.24,2.61,0.4000,4,1.60,B09,0.3800,12-28-18,2-11-19,5.26,0.7 ,0.7 ,0.7 ,1.5 ,0.448 ,0.038,,26.53,10.16,12,6.03,0.95,0.81,1.98,22.30,43.10,-17.83,17.60,10.69,"19,350",0.1,0.44,(6.9),3.3 ,(5.5),1.67,1.69,1.86,2.04,2.25,9.51,15.5,1.48 ,23.0,-12.3,7.8,-0.9,,1974,4,12.2
Northwest Natural Gas,NWN,Utilities,Gas Utilities,63,3,N,N,62.60,3.04,0.4750,4,1.90,B15,0.4725,10-30-18,11-15-18,0.53,0.5 ,0.7 ,0.7 ,2.2 ,0.329 ,n/a,,n/a,n/a,12,-1.33,n/a,2.51,2.45,-8.20,-156.30,11.06,-20.60,4.00,"1,800",0.3,1.23,n/a,3.8 ,n/a,1.91,2.10,2.19,2.27,2.37,10.84,17.3,0.40 ,21.6,-12.8,-1.1,-2.1,,1957,8,-2
Realty Income Corp.,O,Real Estate,Equity Real Estate Investment Trusts (REITs),27,105,Y,Y,68.69,3.94,0.2255,12,2.71,Mo,0.2210,1-31-19,2-15-19,2.04,3.8 ,5.0 ,4.1 ,4.5 ,0.929 ,0.487,,227.39,57.72,12,1.19,7.43,15.41,2.60,4.60,-2.50,8.25,8.50,7.80,"19,970",0.1,0.88,(49.6),8.1 ,158.3 ,2.66,2.88,3.10,3.34,3.60,15.58,22.7,0.16 ,45.4,1.5,7.0,18.7,,1994,2,2.3
Old Republic International,ORI,Financials,Insurance,37,70,N,Y,20.15,3.87,0.1950,4,0.78,C15,0.1900,3-2-18,3-15-18,2.63,2.6 ,1.8 ,1.6 ,1.5 ,1.054 ,0.028,,27.96,7.22,12,2.79,0.72,0.97,1.13,10.80,32.20,0.89,57.70,10.00,"6,240",5.4,0.18,(1.7),5.5 ,(39.8),0.86,0.87,0.95,1.05,1.15,4.88,24.2,0.99 ,3.4,-12.6,-4.8,-5.2,,1982,3,2.8
People's United Financial,PBCT,Financials,Banks,26,108,N,Y,16.38,4.27,0.1750,4,0.70,B15,0.1725,4-30-18,5-15-18,1.45,1.5 ,1.7 ,1.5 ,1.8 ,0.831 ,0.263,,56.00,13.10,12,1.25,0.95,3.89,0.98,7.10,3.40,8.29,5.70,13.73,"6,050",0.1,0.16,(7.3),5.8 ,(24.5),0.72,0.78,0.86,0.95,1.04,4.35,26.5,1.11 ,19.9,-19.2,4.9,-5.6,,1993,2,0.9
PepsiCo Inc.,PEP,Consumer Staples,Beverages,46,43,Y,Y,112.67,3.29,0.9275,4,3.71,C30,0.8050,6-1-18,6-30-18,15.22,9.4 ,7.8 ,9.1 ,8.0 ,1.135 ,1.720,Est Dates,63.97,19.43,12,5.80,3.04,2.46,15.50,46.80,16.60,3.74,5.30,6.40,"159,260",0.1,3.41,(7.0),12.4 ,265.8 ,3.81,3.95,4.21,4.48,4.76,21.21,18.8,0.64 ,17.4,-7.7,0.1,2.7,,1973,5,6.3
Procter & Gamble Co.,PG,Consumer Staples,Household Products,62,5,N,Y,96.47,2.97,0.7172,4,2.87,B15,0.6896,4-19-18,5-15-18,4.00,3.8 ,2.6 ,3.7 ,6.2 ,0.596 ,2.483,,69.80,23.47,6,4.11,3.37,3.63,4.55,20.10,5.60,7.15,1.50,6.97,"243,130",0.1,0.63,(16.8),6.7 ,117.9 ,3.00,3.21,3.44,3.68,3.93,17.27,17.9,0.35 ,36.4,-0.4,4.3,15.8,,1957,8,8.7
Parker-Hannifin Corp.,PH,Industrials,Machinery,62,6,N,N,164.81,1.84,0.7600,4,3.04,C10,0.6600,5-9-18,6-10-18,15.15,11.4 ,5.3 ,10.6 ,12.3 ,0.857 ,0.943,FY Streak,26.93,14.60,6,11.29,1.76,1.51,3.58,19.70,46.30,7.05,11.20,8.29,"21,810",0.3,0.84,(2.2),12.4 ,52.4 ,3.23,3.46,3.75,4.06,4.40,18.90,11.5,1.45 ,17.0,-20.5,4.6,-1.2,,1957,8,7.3
Pentair Ltd.,PNR,Industrials,Machinery,43,62,N,N,41.19,1.75,0.1800,4,0.72,B09,0.1750,1-24-19,2-8-19,2.86,(23.9),(6.4),1.8 ,4.4 ,0.407 ,0.039,,26.37,15.09,12,2.73,n/a,2.06,3.82,13.10,19.80,9.16,45.90,n/a,"7,180",0.2,0.00,(11.5),3.6 ,60.0 ,1.16,1.26,1.30,1.34,1.38,6.43,15.6,1.27 ,16.7,-17.2,3.1,-3.0,,1977,4,6.9
PPG Industries Inc.,PPG,Materials,Chemicals,47,38,N,Y,105.44,1.82,0.4800,4,1.92,C12,0.4500,8-9-18,9-12-18,6.67,9.4 ,9.5 ,9.0 ,5.9 ,1.513 ,0.376,,35.29,19.38,12,5.44,2.23,1.66,5.13,32.40,158.40,10.60,23.90,8.68,"25,540",0.1,1.01,(8.6),10.8 ,110.2 ,2.05,2.25,2.45,2.66,2.89,12.29,11.7,1.22 ,11.7,-11.5,2.3,-0.2,,1972,5,10
PSB Holdings Inc.,PSBQ,Financials,Banks,26,114,-,-,21.50,1.67,0.1800,2,0.36,JaJl,0.1767,1-10-19,1-31-19,1.87,5.2 ,7.2 ,5.6 ,5.2 ,1.070 ,n/a,Adj Split,n/a,n/a,12,n/a,n/a,n/a,n/a,n/a,n/a,n/a,n/a,n/a,n/a,n/a,n/a,n/a,7.3 ,n/a,0.35,0.36,0.37,0.38,0.39,1.84,8.6,n/a,n/a,n/a,n/a,n/a,OTC,1994,2,n/a
RLI Corp.,RLI,Financials,Insurance,43,58,N,N,66.01,1.33,0.2200,4,0.88,C20,0.2100,5-30-18,6-20-18,4.76,4.8 ,5.1 ,5.4 ,6.1 ,0.875 ,n/a,,61.54,46.16,12,1.43,4.71,3.58,3.36,12.30,-37.30,2.53,-7.50,9.80,"2,930",3.1,0.17,(39.5),6.7 ,162.6 ,0.88,0.90,0.99,1.09,1.19,5.05,7.6,0.97 ,12.4,-16.4,-5.6,-6.2,,1976,4,3.5
Roper Technologies Inc.,ROP,Industrials,Industrial Conglomerates,26,113,-,-,283.26,0.65,0.4625,4,1.85,A23,0.4125,1-8-19,1-23-19,12.12,17.9 ,18.2 ,20.1 ,19.0 ,1.059 ,2.366,,21.07,32.26,12,8.78,3.47,5.72,3.88,15.70,13.70,4.55,8.50,9.30,"28,840",1.9,0.69,(11.5),20.8 ,135.9 ,1.82,1.90,2.07,2.27,2.48,10.53,3.7,1.15 ,15.3,-9.4,2.0,-0.3,,1994,2,7.7
RPM International Inc.,RPM,Materials,Chemicals,45,51,N,N,57.16,2.45,0.3500,4,1.40,A31,0.3200,10-15-18,10-31-18,9.38,7.4 ,7.5 ,7.4 ,5.5 ,1.363 ,0.266,,72.16,29.46,5,1.94,2.92,1.37,4.89,15.20,87.30,34.48,28.00,10.10,"7,530",0.2,1.55,(19.6),9.9 ,153.1 ,1.44,1.59,1.74,1.92,2.11,8.80,15.4,1.23 ,23.3,-16.1,-2.8,-2.6,,1975,4,4.7
Stepan Company,SCL,Materials,Chemicals,51,26,-,-,87.93,1.14,0.2500,4,1.00,C15,0.2250,11-29-18,12-14-18,11.11,10.1 ,8.2 ,7.3 ,8.1 ,0.904 ,1.329,,21.28,18.71,12,4.70,4.25,0.98,2.60,12.50,22.00,14.39,5.50,4.40,"1,970",2.2,0.37,(10.3),8.4 ,47.0 ,1.02,1.12,1.17,1.22,1.27,5.80,6.6,1.16 ,29.1,-3.3,11.6,8.5,,1969,6,6.5
SEI Investments Company,SEIC,Financials,Capital Markets,28,99,-,-,47.54,1.39,0.3300,2,0.66,JaJu,0.3000,12-26-18,1-8-19,10.00,3.4 ,7.7 ,11.4 ,14.9 ,0.765 ,0.734,,20.95,15.09,12,3.15,1.26,4.50,4.56,32.40,19.00,-1.14,15.50,12.00,"7,320",7.0,0.00,(2.3),12.8 ,74.9 ,0.66,0.67,0.73,0.81,0.89,3.75,7.9,1.27 ,12.5,-39.3,-2.8,-18.8,,1992,2,27
Sherwin-Williams Co.,SHW,Materials,Chemicals,40,66,N,N,421.52,0.82,0.8600,4,3.44,C09,0.8500,2-23-18,3-9-18,1.18,1.2 ,8.7 ,11.5 ,9.4 ,1.218 ,0.712,,25.58,31.34,12,13.45,1.89,2.25,9.87,50.50,6.00,15.35,16.10,16.59,"39,210",0.2,2.43,(19.1),12.3 ,270.8 ,3.65,4.01,4.41,4.85,5.34,22.26,5.3,1.27 ,18.6,-12.1,6.2,2.4,,1979,4,9.5
SJW Corp.,SJW,Utilities,Water Utilities,51,22,N,N,59.95,1.87,0.2800,4,1.12,C01,0.2175,2-9-18,3-1-18,28.74,28.7 ,12.8 ,8.9 ,5.7 ,1.571 ,0.488,,45.71,24.47,12,2.45,1.75,4.21,2.60,10.20,7.10,13.97,18.30,14.00,"1,650",0.3,1.07,(13.7),10.8 ,68.2 ,1.20,1.32,1.45,1.60,1.76,7.32,12.2,0.04 ,17.0,-12.4,4.1,-1.4,,1968,6,3.2
Tanger Factory Outlet Centers,SKT,Real Estate,Equity Real Estate Investment Trusts (REITs),25,118,N,N,22.75,6.15,0.3500,4,1.40,B15,0.3425,4-27-18,5-15-18,2.19,3.0 ,8.3 ,9.5 ,6.4 ,1.487 ,2.109,,241.38,39.22,12,0.58,5.86,4.28,4.25,9.90,-66.70,33.33,4.50,6.70,"2,120",0.3,3.51,(23.6),15.6 ,172.2 ,1.41,1.55,1.65,1.76,1.88,8.24,36.2,0.77 ,15.1,-10.2,1.5,0.5,,1994,2,2.2
Sonoco Products Co.,SON,Materials,Containers & Packaging,36,74,N,N,57.58,2.85,0.4100,4,1.64,C08,0.3900,5-10-18,6-8-18,5.13,5.2 ,5.7 ,5.7 ,4.2 ,1.337 ,n/a,,87.23,30.63,12,1.88,3.96,1.08,3.20,13.70,-56.30,5.42,-8.40,7.73,"5,740",0.9,0.77,(22.1),8.5 ,108.7 ,1.64,1.72,1.86,2.00,2.16,9.38,16.3,0.96 ,23.7,-1.9,5.0,6.2,,1983,3,5.2
S&P Global Inc.,SPGI,Financials,Capital Markets,45,49,N,N,191.65,1.04,0.5000,4,2.00,C12,0.4100,2-23-18,3-12-18,21.95,22.0 ,14.9 ,12.3 ,8.6 ,1.437 ,0.542,,27.40,26.25,12,7.30,1.89,7.63,53.24,309.90,-20.00,8.64,22.70,13.90,"48,160",0.1,4.05,(12.9),13.3 ,688.2 ,2.02,2.19,2.41,2.66,2.92,12.20,6.4,1.14 ,22.3,-11.8,9.0,-0.8,,1974,4,18.7
1st Source Corp.,SRCE,Financials,Banks,32,90,-,-,45.40,2.38,0.2700,4,1.08,B15,0.2500,2-1-19,2-14-19,8.00,26.3 ,12.7 ,9.2 ,6.2 ,1.490 ,1.438,,36.99,15.55,12,2.92,1.55,4.68,1.57,10.30,12.90,6.87,6.40,10.00,"1,150",3.2,0.17,(4.0),11.6 ,4.2 ,1.06,1.13,1.24,1.37,1.50,6.29,13.9,1.11 ,18.1,-23.5,2.9,-11.2,,1988,3,1.2
Stanley Black & Decker,SWK,Industrials,Machinery,51,24,Y,Y,126.44,2.09,0.6600,4,2.64,C19,0.6300,9-6-18,9-18-18,4.76,6.6 ,6.4 ,5.4 ,7.4 ,0.732 ,0.223,,60.27,28.87,12,4.38,3.48,1.34,2.55,13.60,25.80,8.99,24.40,8.31,"18,730",0.3,0.58,(21.3),7.5 ,80.9 ,2.84,3.09,3.35,3.63,3.93,16.84,13.3,1.24 ,18.8,-24.7,2.0,-6.5,,1968,6,5.1
Stryker Corp.,SYK,Health Care,Health Care Equipment & Supplies,26,115,-,-,177.57,1.17,0.5200,4,2.08,A31,0.4700,12-28-18,1-31-19,10.64,10.6 ,10.9 ,12.1 ,19.0 ,0.639 ,1.619,,38.10,32.52,12,5.46,3.10,5.05,6.74,12.80,12.00,9.96,7.50,10.48,"67,060",0.1,0.73,(19.2),13.3 ,212.1 ,2.07,2.27,2.50,2.75,3.03,12.62,7.1,0.82 ,22.7,-2.0,8.5,5.3,,1994,2,5.6
Sysco Corp.,SYY,Consumer Staples,Food & Staples Retailing,49,31,N,Y,63.85,2.44,0.3900,4,1.56,A26,0.3600,1-3-19,1-25-19,8.33,9.1 ,6.3 ,5.2 ,5.0 ,1.021 ,0.573,,57.78,23.65,6,2.70,2.09,0.56,12.59,61.20,23.70,10.31,9.00,11.30,"33,460",0.2,3.30,(16.1),7.6 ,263.8 ,1.58,1.74,1.92,2.11,2.32,9.67,15.1,0.54 ,14.0,-16.0,0.2,-5.6,,1971,5,8.1
AT&T Inc.,T,Communication Services,Diversified Telecommunication Services,35,80,Y,Y,30.06,6.79,0.5100,4,2.04,B01,0.5000,1-9-19,2-1-19,2.00,2.0 ,2.1 ,2.1 ,2.3 ,0.944 ,0.608,,101.49,14.96,12,2.01,2.53,1.33,1.19,20.50,-29.20,1.45,3.50,5.93,"218,960",0.1,1.00,(6.0),8.9 ,(11.1),2.02,2.05,2.17,2.30,2.44,10.98,36.5,0.54 ,12.2,-23.5,0.1,-5.6,,1985,3,6.8
Telephone & Data Sys.,TDS,Communication Services,Wireless Telecommunication Services,44,54,N,N,36.22,1.77,0.1600,4,0.64,C29,0.1550,3-15-18,3-29-18,3.23,3.2 ,4.3 ,4.6 ,4.6 ,1.020 ,n/a,,92.75,52.49,12,0.69,n/a,0.76,0.89,9.10,-501.00,24.51,-32.40,n/a,"3,850",0.3,0.54,(46.1),6.4 ,44.1 ,0.65,0.71,0.73,0.75,0.78,3.62,10.0,0.98 ,53.9,-2.9,4.1,19.6,,1975,4,4.3
Target Corp.,TGT,Consumer Discretionary,Multiline Retail,51,23,Y,Y,73.00,3.51,0.6400,4,2.56,C10,0.6200,8-14-18,9-10-18,3.23,3.3 ,5.3 ,9.8 ,15.4 ,0.634 ,n/a,,49.14,14.01,1,5.21,1.75,0.51,3.46,28.80,0.70,4.00,-1.60,8.00,"38,390",0.1,1.05,(0.7),13.3 ,46.8 ,2.54,2.64,2.85,3.08,3.32,14.43,19.8,0.67 ,21.4,-19.2,6.0,-5.6,,1968,6,8
First Financial Corp.,THFF,Financials,Banks,30,93,-,-,41.47,2.46,0.5100,2,1.02,JaJl,0.5000,1-5-18,1-15-18,2.00,2.0 ,1.3 ,1.2 ,1.5 ,0.820 ,0.381,,28.10,11.42,12,3.63,n/a,4.11,1.19,9.10,-7.10,-1.13,3.20,n/a,505.93,1.2,0.00,(7.7),3.7 ,(22.3),1.03,1.04,1.07,1.10,1.14,5.38,13.0,0.97 ,10.9,-21.8,-2.8,-10.2,,1989,3,1.3
Tompkins Financial Corp.,TMP,Financials,Banks,32,88,N,N,73.54,2.72,0.5000,4,2.00,B15,0.4800,11-5-18,11-15-18,4.17,6.6 ,4.5 ,4.7 ,4.9 ,0.960 ,0.372,,37.95,13.95,12,5.27,1.74,4.84,1.85,10.50,12.90,6.38,12.70,8.00,"1,190",1.7,1.68,(6.5),7.4 ,7.1 ,2.13,2.27,2.45,2.65,2.86,12.36,16.8,0.87 ,6.5,-20.1,-4.2,-9.9,,1987,3,0.9
Tennant Company,TNC,Industrials,Machinery,47,40,N,N,58.73,1.50,0.2200,4,0.88,C15,0.2100,11-29-18,12-14-18,4.76,1.2 ,2.0 ,3.4 ,5.0 ,0.670 ,n/a,,65.19,43.50,12,1.35,2.90,0.94,3.44,7.40,-108.30,18.01,-16.00,15.00,"1,050",0.4,1.13,(38.6),4.9 ,157.9 ,0.86,0.94,1.04,1.14,1.26,5.24,8.9,1.04 ,19.9,-31.7,5.1,-15.8,,1973,5,2.3
Tootsie Roll Industries,TR,Consumer Staples,Food Products,52,19,-,-,34.65,1.04,0.0900,4,0.36,C27,0.0874,3-5-18,3-27-18,3.00,2.3 ,5.2 ,6.1 ,4.5 ,1.366 ,1.322,Adj/Stock Div,40.91,39.38,12,0.88,4.39,4.46,2.98,10.50,-9.00,n/a,4.60,9.00,"2,300",56.7,0.01,(32.3),7.1 ,128.4 ,0.36,0.37,0.41,0.44,0.48,2.06,5.9,0.32 ,26.2,-3.5,2.5,12.9,,1967,6,8.2
Thomson Reuters Corp.,TRI,Financials,Capital Markets,25,130,-,-,52.34,2.67,0.3500,4,1.40,C15,0.3450,11-14-18,12-17-18,1.45,0.4 ,1.1 ,1.3 ,2.5 ,0.506 ,n/a,"Canada,US$",172.84,64.62,12,0.81,1.97,3.81,2.79,9.10,13.20,97.21,-8.70,32.67,"26,390",55.0,0.59,(60.7),3.9 ,183.1 ,1.52,1.68,1.84,2.03,2.23,9.30,17.8,0.52 ,44.1,0.6,6.0,18.6,,1995,2,4.2
T. Rowe Price Group,TROW,Financials,Capital Markets,32,85,-,-,93.46,3.00,0.7000,4,2.80,C30,0.5700,3-14-18,3-29-18,22.81,22.8 ,10.4 ,13.0 ,11.3 ,1.150 ,0.985,,37.33,12.46,12,7.50,1.52,4.17,3.51,29.50,31.80,-11.63,13.20,8.18,"22,330",1.9,0.00,3.5 ,16.0 ,39.4 ,3.08,3.11,3.37,3.64,3.94,17.13,18.3,1.10 ,10.5,-26.7,0.5,-13.6,,1987,3,22.9
Calvin B. Taylor Bankshares Inc.,TYCB,Financials,Banks,28,97,-,-,33.67,2.94,0.9900,1,0.99,Dec,0.9800,10-30-18,12-31-18,1.02,1.0 ,1.0 ,1.0 ,1.5 ,0.678 ,n/a,,n/a,n/a,12,n/a,n/a,n/a,n/a,n/a,n/a,n/a,n/a,n/a,n/a,n/a,n/a,n/a,4.0 ,n/a,1.02,1.05,1.08,1.11,1.15,5.41,16.1,n/a,n/a,n/a,n/a,n/a,OTC,1992,2,n/a
Urstadt Biddle Properties,UBA,Real Estate,Equity Real Estate Investment Trusts (REITs),25,131,N,-,21.42,5.14,0.2750,4,1.10,A19,0.2700,1-3-19,1-18-19,1.85,1.9 ,1.9 ,1.6 ,1.3 ,1.202 ,0.089,also UBP@90%,169.23,32.95,10,0.65,4.10,5.90,2.06,6.40,-25.80,n/a,17.40,8.00,799,1.5,0.82,(26.3),6.7 ,73.7 ,1.09,1.12,1.21,1.31,1.42,6.15,28.7,0.51 ,24.5,-7.5,6.1,1.8,,1995,2,2.5
United Bankshares Inc.,UBSI,Financials,Banks,44,53,N,N,35.37,3.85,0.3400,4,1.36,A02,0.3300,12-7-17,1-2-18,3.03,3.0 ,2.0 ,1.7 ,1.6 ,1.061 ,0.532,Rec Date Streak,57.38,14.92,12,2.37,1.87,5.13,1.13,6.50,-3.40,3.35,3.20,8.00,"3,620",0.9,0.07,(9.4),5.5 ,(13.4),1.37,1.42,1.53,1.66,1.79,7.77,22.0,1.21 ,21.4,-11.5,5.8,-0.9,,1975,4,1.1
UGI Corp.,UGI,Utilities,Gas Utilities,31,92,N,N,57.03,1.82,0.2600,4,1.04,A01,0.2500,6-14-18,7-1-18,4.00,4.6 ,4.7 ,6.7 ,7.3 ,0.919 ,0.474,,33.23,18.22,9,3.13,2.28,1.31,2.70,19.60,26.70,6.42,14.20,8.00,"10,020",0.4,1.25,(9.7),8.5 ,47.9 ,1.12,1.19,1.29,1.39,1.50,6.50,11.4,0.67 ,34.2,-3.8,2.4,7.1,,1988,3,5.9
Universal Health Realty Trust,UHT,Real Estate,Equity Real Estate Investment Trusts (REITs),33,83,N,N,69.72,3.87,0.6750,4,2.70,C29,0.6700,12-18-18,12-31-18,0.75,1.3 ,1.5 ,1.5 ,1.4 ,1.085 ,0.088,,143.62,37.09,12,1.88,n/a,12.75,4.70,12.40,161.90,n/a,16.80,n/a,965,7.5,1.28,(31.7),5.4 ,178.3 ,2.95,3.04,3.13,3.22,3.32,15.65,22.4,0.80 ,31.5,-9.4,5.4,4.3,,1986,3,5.3
UMB Financial Corp.,UMBF,Financials,Banks,27,103,N,N,64.36,1.86,0.3000,4,1.20,A02,0.2900,12-7-18,1-2-19,3.45,12.3 ,6.8 ,5.9 ,6.2 ,0.957 ,1.473,,27.09,14.53,12,4.43,1.41,4.58,1.44,12.90,19.70,2.47,4.00,10.30,"3,170",0.8,0.04,(6.8),7.8 ,(3.6),1.26,1.29,1.42,1.56,1.72,7.25,11.3,0.92 ,12.9,-21.7,0.5,-10.1,,1993,2,1.3
United Technologies,UTX,Industrials,Aerospace & Defense,25,129,Y,Y,118.07,2.49,0.7350,4,2.94,C10,0.7000,11-15-18,12-10-18,5.00,4.2 ,3.5 ,5.3 ,7.7 ,0.678 ,1.250,,50.87,20.43,12,5.78,2.42,1.53,2.91,16.40,7.00,9.88,4.20,8.45,"101,720",0.1,1.24,(12.7),7.7 ,62.5 ,3.03,3.33,3.61,3.92,4.25,18.15,15.4,1.16 ,17.5,-18.1,2.0,-6.4,,1995,2,4.9
Universal Corp.,UVV,Consumer Staples,Tobacco,47,37,N,N,57.70,5.20,0.7500,4,3.00,B05,0.5500,7-6-18,8-6-18,36.36,20.4 ,7.7 ,5.4 ,3.7 ,1.438 ,n/a,,72.12,13.87,3,4.16,n/a,0.65,1.09,9.10,304.40,n/a,-5.30,n/a,"1,410",1.5,0.39,(3.3),10.6 ,(18.0),2.86,2.95,3.03,3.13,3.22,15.18,26.3,0.85 ,25.6,-25.1,-2.3,-5.6,,1972,5,5.5
VF Corp.,VFC,Consumer Discretionary,"Textiles, Apparel & Luxury Goods",46,47,Y,Y,84.17,2.42,0.5100,4,2.04,C18,0.4600,12-7-18,12-20-18,10.87,9.9 ,12.4 ,15.6 ,12.5 ,1.250 ,n/a,,57.95,23.91,12,3.52,1.79,2.44,7.97,18.50,-78.30,13.18,-25.10,13.39,"33,340",0.1,0.89,(5.9),18.0 ,191.0 ,1.91,2.10,2.31,2.54,2.79,11.65,13.8,1.11 ,25.3,-13.2,10.0,0.7,,1974,4,6.8
Vectren Corp.,VVC,Utilities,Multi-Utilities,59,9,N,N,72.38,2.65,0.4800,4,1.92,C01,0.4500,11-14-18,12-3-18,6.67,7.0 ,5.9 ,5.1 ,3.4 ,1.509 ,4.275,Being Acquired,104.92,39.55,12,1.83,4.95,2.25,3.21,10.60,-19.50,6.26,1.20,8.00,"6,020",0.1,1.26,(31.8),7.8 ,137.5 ,1.85,1.96,2.12,2.29,2.47,10.70,14.8,0.33 ,24.8,0.0,0.7,1.8,,1961,6,3.1
Westamerica Bancorp,WABC,Financials,Banks,27,101,N,Y,62.66,2.55,0.4000,4,1.60,B17,0.3900,11-3-17,11-17-17,2.56,1.9 ,1.5 ,1.4 ,1.4 ,1.013 ,n/a,2018 = Year 27,59.93,23.47,12,2.67,7.82,11.06,2.82,9.30,3.00,4.63,-4.20,3.00,"1,680",4.1,0.00,(19.5),4.0 ,71.5 ,1.65,1.72,1.78,1.83,1.88,8.86,14.1,0.99 ,20.4,-4.2,5.4,5.2,,1993,2,1
Walgreens Boots Alliance Inc.,WBA,Consumer Staples,Food & Staples Retailing,43,59,N,Y,72.26,2.44,0.4400,4,1.76,C12,0.4000,8-17-18,9-12-18,10.00,8.4 ,6.4 ,7.3 ,15.0 ,0.488 ,0.563,,33.21,13.63,8,5.30,1.35,0.50,2.68,20.00,30.20,8.29,13.00,10.12,"67,630",0.2,0.62,(3.9),9.8 ,27.4 ,1.85,2.00,2.20,2.42,2.66,11.14,15.4,0.99 ,22.3,-16.3,-4.1,2.7,,1976,4,7.6
Weyco Group Inc.,WEYS,Consumer Discretionary,Distributors,37,71,-,-,26.87,3.42,0.2300,4,0.92,C30,0.2200,5-24-18,6-29-18,4.55,3.4 ,4.4 ,5.2 ,6.1 ,0.851 ,n/a,,54.12,15.81,12,1.70,n/a,0.95,1.34,9.50,-6.70,n/a,-3.40,n/a,274.61,11.7,0.04,(7.2),8.6 ,(3.0),0.91,0.94,0.96,0.99,1.02,4.83,18.0,0.53 ,0.6,-32.7,-11.1,-20.7,,1982,3,7.4
Wal-Mart Inc.,WMT,Consumer Staples,Food & Staples Retailing,45,50,N,Y,95.83,2.17,0.5200,4,2.08,A02,0.5100,3-8-18,4-2-18,1.96,2.0 ,2.0 ,2.7 ,8.3 ,0.331 ,n/a,,126.06,58.08,1,1.65,13.93,0.55,3.89,7.00,-26.80,-2.44,-8.50,4.17,"282,490",0.9,0.80,(53.2),4.9 ,216.9 ,2.09,2.11,2.20,2.29,2.39,11.08,11.6,0.37 ,17.2,-11.4,1.4,4.4,,1974,4,2.5
West Pharmaceutical Services,WST,Health Care,Health Care Equipment & Supplies,25,127,N,N,108.27,0.55,0.1500,4,0.60,B01,0.1400,10-23-18,11-7-18,7.14,7.5 ,8.2 ,8.2 ,7.2 ,1.137 ,0.378,,19.11,34.48,12,3.14,6.51,4.68,5.92,11.90,60.30,11.15,21.60,5.30,"8,000",0.2,0.00,(25.8),8.7 ,201.2 ,0.63,0.69,0.73,0.76,0.81,3.61,3.3,1.22 ,30.9,-13.5,4.5,3.2,,1994,2,8.2
Aqua America Inc.,WTR,Utilities,Water Utilities,26,109,N,N,35.05,2.50,0.2190,4,0.88,C01,0.2047,8-16-18,9-1-18,6.99,7.1 ,7.3 ,7.7 ,7.6 ,1.020 ,1.383,,61.69,24.68,12,1.42,4.95,7.55,3.05,12.50,3.50,5.90,5.60,5.00,"6,310",0.2,1.17,(14.4),10.2 ,82.9 ,0.88,0.93,0.98,1.02,1.08,4.88,13.9,0.47 ,9.2,-8.3,2.9,-0.5,,1993,2,3.8
ExxonMobil Corp.,XOM,Energy,"Oil, Gas & Consumable Fuels",36,75,N,N,73.28,4.48,0.8200,4,3.28,C11,0.7700,5-11-18,6-11-18,6.49,5.6 ,3.9 ,5.6 ,7.6 ,0.735 ,n/a,,80.99,18.09,12,4.05,0.95,1.19,1.64,12.30,72.40,-4.09,-19.70,19.00,"312,980",0.1,0.21,(8.0),10.1 ,14.8 ,3.55,3.59,3.95,4.34,4.78,20.21,27.6,0.88 ,13.4,-17.9,-0.4,-7.6,,1983,3,6.6
,,,,,,,,,,,,,,,,,,,,,,,,,,,,,,,,,,,,,,,,,,,,,,,,,,,,,,,,,,
Averages for All,132,,,39.7,,,,88.31,2.53,0.5361,,1.97,,0.4964,,,8.96,8.0 ,6.8 ,7.4 ,7.4 ,1.014 ,1.858,,58.87,24.90,,3.98,3.04,3.46,4.61,21.69,21.10,10.56,6.78,10.38,34442,2.50,0.85,-14.87,9.92,106.38,2.01,2.13,2.30,2.47,2.66,11.57,14.75,0.83,21.36,-13.23,2.27,-0.06,,1980,3.89,6.89
,,,,,,,,,,,,,,,,,,,,,,,,,,,,,,,,,,,,,,,,,,,,,,,,,,,,,,,,,,
Averages by Sector,,,,,,,,,,,,,,,,,,,,,,,,,,,,,,,,,,,,,,,,,,,,,,,,,,,,,,,,,,
Communication Services,4,,,32.3,,,,43.1,3.78,0.3863,,1.55,,0.3738,,,3.29,3.31,3.92,4.64,6.76,0.7833,0.7317,,77.96,27.67,,1.02,1.79,1.17,1.72,12.20,-147.03,39.22,-10.38,16.04,57060,0.24,1.30,-19.77,8.42,21.84,1.57,1.68,1.81,1.96,2.12,9.14,21.93,0.94,24.17,-18.98,1.43,0.96,,1987,2.75,4.63
Consumer Discretionary,7,,,48.9,,,,85.7,2.93,0.5886,,2.35,,0.5364,,,8.97,7.79,8.65,9.76,10.37,0.9437,1.4297,,54.32,19.13,,4.33,1.94,1.95,5.98,9.41,-5.57,9.22,1.03,10.80,44229,1.94,1.14,-6.43,12.70,112.08,2.33,2.48,2.70,2.94,3.19,13.63,16.73,0.90,18.03,-15.60,2.56,-2.62,,1970,5.14,8.79
Consumer Staples,17,,,47.8,,,,80.7,2.82,0.5509,,2.20,,0.4999,,,9.44,8.22,6.79,7.52,8.23,0.9443,4.3610,,64.83,25.82,,3.48,4.86,2.83,8.04,44.15,19.98,6.04,5.08,6.17,76228,3.73,1.33,-15.48,10.34,177.26,2.22,2.34,2.48,2.63,2.79,12.46,15.91,0.54,21.50,-13.54,-1.47,1.47,,1972,5.06,10.14
Energy,4,,,36.8,,,,69.5,3.91,0.7213,,2.89,,0.6690,,,26.54,16.66,8.08,10.27,14.21,0.7599,#DIV/0!,,56.98,14.64,,3.67,0.63,1.73,1.36,11.80,257.83,16.64,-15.78,38.39,134719,1.09,0.16,-3.01,14.18,-6.74,3.08,3.18,3.43,3.69,3.99,17.37,23.59,1.01,17.97,-19.46,0.45,-6.03,,1983,3.50,7.20
Financials,33,,,33.2,,,,78.3,2.60,0.5901,,1.78,,0.5590,,,8.39,8.26,5.86,5.82,5.45,1.0262,1.0222,,48.42,19.00,,3.70,2.08,4.38,4.10,24.74,9.41,9.36,6.36,10.82,10650,5.38,0.36,-10.16,8.42,55.68,1.81,1.89,2.01,2.15,2.30,10.16,14.90,0.91,16.74,-16.78,0.85,-4.40,,1986,2.88,5.37
Health Care,5,,,39.0,,,,151.4,1.59,0.5680,,2.27,,0.5320,,,7.26,7.07,8.86,9.44,11.06,0.9058,1.5616,,56.40,39.90,,4.13,4.57,4.44,4.75,6.93,13.20,9.34,6.16,8.68,123542,0.13,0.55,-28.87,11.03,172.65,2.29,2.47,2.68,2.91,3.15,13.50,9.43,0.96,20.20,-8.81,3.27,2.30,,1980,3.80,3.75
Industrials,25,,,41.1,,,,115.1,1.91,0.5970,,2.14,,0.5309,,,11.05,9.11,7.98,9.72,9.35,0.9817,2.9275,,43.38,23.70,,5.34,2.03,2.39,4.93,22.06,11.04,10.34,9.11,12.51,27638,1.67,0.84,-12.06,11.63,117.20,2.24,2.43,2.66,2.91,3.18,13.42,12.06,1.15,21.19,-16.44,4.15,-1.83,,1978,4.20,8.53
Information Technology,4,,,36.3,,,,95.5,1.77,0.4175,,1.67,,0.3600,,,16.34,15.75,12.44,13.54,13.31,1.0267,1.5713,,58.83,38.02,,2.95,3.24,4.42,7.40,26.06,3.47,12.07,8.57,14.19,18277,3.40,0.18,-22.72,15.31,238.86,1.56,1.69,1.83,1.99,2.16,9.23,9.74,0.68,26.39,-9.58,3.56,4.07,,1983,3.25,12.14
Materials,11,,,39.8,,,,119.2,1.89,0.4705,,1.88,,0.4450,,,6.30,6.36,6.60,7.44,7.07,1.0446,0.6307,,63.50,31.54,,4.78,3.30,1.78,4.29,20.59,17.95,11.85,7.85,10.74,17656,0.50,1.10,-22.20,9.33,131.11,1.93,2.10,2.30,2.51,2.75,11.60,11.53,1.10,21.29,-9.22,5.02,2.29,,1980,3.82,7.34
Real Estate,6,,,31.7,,,,61.3,4.33,0.5076,,2.33,,0.4964,,,2.35,2.80,4.25,4.49,3.54,1.2345,0.8278,,177.27,41.66,,1.44,5.59,10.41,3.42,8.98,10.33,8.58,9.47,7.84,6961,1.78,1.49,-32.84,8.82,147.51,2.35,2.45,2.62,2.79,2.98,13.20,24.69,0.49,31.10,-4.52,5.29,8.19,,1988,3.00,3.43
Utilities,16,,,44.6,,,,59.6,2.41,0.3573,,1.43,,0.3379,,,6.35,6.34,5.16,4.72,4.02,1.1953,0.8633,,46.24,21.02,,4.11,3.76,3.87,2.73,10.88,64.92,8.90,16.24,6.30,5352,0.73,1.05,-13.67,7.13,57.32,1.47,1.55,1.64,1.74,1.84,8.25,13.94,0.34,26.64,-6.00,2.64,4.58,,1975,4.63,3.68
